<service>
	<id>helloworld.exe</id>
	<name>Hello World</name>
	<description>The nodejs.org example web server.</description>
	<executable>C:\Program Files\nodejs\node.exe</executable>
	<argument>--harmony</argument>
	<argument>C:\Users\shubh\Downloads\ms-identity-node-main (1)\ms-identity-node-main\App\node_modules\node-windows\lib\wrapper.js</argument>
	<argument>--file</argument>
	<argument>C:\Users\shubh\Downloads\ms-identity-node-main (1)\ms-identity-node-main\App\routes\auth.js</argument>
	<argument>--scriptoptions=</argument>
	<argument>--log</argument>
	<argument>Hello World wrapper</argument>
	<argument>--grow</argument>
	<argument>0.25</argument>
	<argument>--wait</argument>
	<argument>1</argument>
	<argument>--maxrestarts</argument>
	<argument>3</argument>
	<argument>--abortonerror</argument>
	<argument>n</argument>
	<argument>--stopparentfirst</argument>
	<argument>undefined</argument>
	<logmode>rotate</logmode>
	<stoptimeout>30sec</stoptimeout>
	<serviceaccount>
		<domain>SHUBHAM</domain>
		<user>LocalSystem</user>
		<password></password>
	</serviceaccount>
	<workingdirectory>C:\Users\shubh\Downloads\ms-identity-node-main (1)\ms-identity-node-main\App</workingdirectory>
</service>